email;password;nickname;administrative_status;last_name;first_name;phone;is_validated;is_admin;class_id
torquent.per@hotmail.couk;YKW84UFS3EX;rutrum;Mauris;Potter;Hadley;05 67 72 14 97;1;1;4
interdum.libero@hotmail.com;SHG38VSR6KE;consectetuer;rutrum;Trujillo;Adrian;03 62 48 28 37;1;0;4
dolor.quisque@outlook.org;OQQ36DWW9IS;pellentesque,;velit;Duran;Upton;01 14 45 95 49;0;1;2
mauris.id.sapien@aol.couk;OLH75RDJ6IC;ac;mollis;Ratliff;Brendan;08 91 82 47 20;0;1;2
pede.praesent@icloud.edu;CCD14WYN1KI;mollis;Cras;Strickland;April;09 35 35 72 82;1;0;4
neque@google.net;XTT72VNC0EY;Donec;molestie;Harrell;Jolie;06 92 23 11 47;0;0;1
nascetur.ridiculus@protonmail.net;UUO32UVR1AG;Morbi;Etiam;Gay;Igor;06 22 38 53 62;0;0;2
senectus.et@hotmail.edu;XCP06ABH9PB;Sed;pede.;Carlson;Hasad;07 28 44 24 23;0;0;1
nisl.sem@icloud.ca;VHO46ROF2EU;ligula;vulputate;Lyons;Hilary;05 76 94 84 74;0;1;3
volutpat.ornare@yahoo.ca;UBN29SDN8MC;convallis;nunc,;Guerrero;Derek;07 26 38 36 35;1;1;2
sed.neque.sed@hotmail.couk;EEH47HKG3TE;enim.;lectus;Salazar;Lenore;03 42 67 76 18;0;1;2
ut.nulla@google.com;KUJ28WUM1EQ;nec;orci,;Strickland;Gail;05 81 81 91 74;0;1;1
fringilla.euismod@google.com;JWD41YRN8LH;Aliquam;dolor.;Gutierrez;Breanna;06 22 71 52 78;0;0;3
et.netus.et@aol.ca;LID19HYR1NL;massa.;lectus;Knight;Leroy;06 43 69 26 45;1;1;3
cras.vulputate.velit@icloud.com;CIS34IQT8MM;Nunc;nisl;Taylor;Alvin;08 12 00 74 25;1;1;4
hendrerit.donec@protonmail.ca;FNB23FON6NG;magna.;Vivamus;Cherry;Jaime;04 52 81 43 46;1;1;3
dis.parturient@icloud.net;GYJ74JEM6YL;feugiat.;tortor.;Patel;Oren;08 23 84 21 44;1;0;4
mattis.integer.eu@hotmail.ca;DFS25JGD8FS;libero.;ornare;Bonner;MacKensie;06 26 54 15 57;1;0;2
dignissim@yahoo.com;AIH12SGO7HK;felis;blandit.;Todd;Uta;05 41 22 21 66;0;1;4
iaculis.odio@yahoo.edu;HGH67QKF2VP;eget;amet;West;Jessica;05 33 36 26 22;1;1;4
enim.nunc@outlook.edu;CNW41HCX3PC;cursus;netus;Lowe;Alan;03 16 77 22 02;0;1;1
eros.nec@hotmail.couk;IEL47WHT0AN;porttitor;at,;Delacruz;Xanthus;05 52 25 13 64;0;1;3
sollicitudin.adipiscing.ligula@yahoo.couk;MUH48KWY8DT;ullamcorper;elit,;Rich;Shannon;08 89 26 41 18;0;0;3
dis.parturient@outlook.ca;NEM59FUA1YP;nec;vitae;Key;Mercedes;03 94 22 21 02;0;0;4
justo.sit@hotmail.edu;LSJ85MHO8YZ;In;dignissim;Bradley;Cassidy;06 02 15 44 17;1;0;1
mi@aol.org;SPC81QUN0WO;Sed;tristique;Burns;Cassady;05 87 19 65 34;0;0;2
tincidunt.neque@google.com;XUT12XNV6FQ;sociis;quis;Foley;Haviva;05 22 69 77 21;0;0;2
in.cursus@outlook.net;IRR84WIQ5JN;ac;ultrices.;Mcintyre;Alyssa;09 61 41 54 43;1;0;2
purus.accumsan@hotmail.net;NLR22XDO1US;arcu.;eu,;Gardner;Emery;08 78 45 70 29;0;1;1
eros.proin.ultrices@google.org;TFO06NWE3SM;felis;ultricies;Hartman;Sydnee;05 94 38 79 67;0;1;2
viverra@outlook.couk;AYI48IUG7KK;vel,;vulputate;Frye;Slade;02 74 19 27 85;1;1;1
semper.egestas.urna@google.net;YDP37WOM2LG;Cum;nisi;Hancock;Sage;04 45 47 84 50;1;0;1
ornare.lectus@aol.ca;JMN64PSN9VT;magna.;massa.;Johns;Rhiannon;09 66 97 30 68;1;1;3
mauris.vestibulum@hotmail.org;ZBC60PWR2AQ;libero.;non;Harding;Margaret;07 81 78 33 81;0;0;3
velit@google.couk;DCM83EDN7VL;egestas;tincidunt;Estes;Courtney;02 28 87 24 82;0;0;2
aliquet.molestie@aol.edu;XQO82SSE4WT;egestas;Duis;Roberts;Roary;08 73 52 64 42;0;0;3
at.fringilla.purus@outlook.edu;EQY74EPE3CW;parturient;sed;Haley;Hayden;03 58 27 31 40;0;1;3
imperdiet.non@hotmail.com;SAU28TDO3NK;Phasellus;velit.;Fleming;Yardley;03 81 81 45 32;1;0;1
augue.ut.lacus@protonmail.com;XMI86VGJ6GK;magna.;Aenean;Blair;Maggy;04 22 85 26 77;0;1;2
torquent@google.edu;XQJ61UQJ2IL;ac;turpis;Horton;Desirae;07 41 29 53 63;0;0;1
augue.sed@protonmail.org;HSQ24CGN2AC;ornare.;turpis;Mullen;Whoopi;05 52 86 22 59;0;0;1
ante.nunc.mauris@outlook.edu;WRC42TGE9PB;tempus,;neque;Logan;Constance;06 69 76 62 57;1;1;4
lorem.ipsum@outlook.net;HPX44TMT3SC;Quisque;pede,;Howe;Heather;03 88 02 16 23;0;1;3
ac@yahoo.net;RBJ83FKS5QV;adipiscing;sodales;Short;Kelly;07 87 87 71 34;1;1;3
nunc.sollicitudin.commodo@icloud.org;LEO14GFB3GM;magna.;netus;Lloyd;Carl;08 23 55 61 87;1;1;3
pretium.et.rutrum@protonmail.org;YWG11KON6SR;posuere;sed;Washington;Caldwell;03 52 45 61 95;1;0;2
cubilia.curae@aol.org;UUZ14TYK2OQ;auctor;interdum.;Cooper;Dieter;03 52 24 65 41;0;0;1
malesuada.id@aol.org;PIQ79EFE4LL;orci,;mauris.;Moon;Shelly;05 69 42 62 36;0;0;4
aliquam.erat@icloud.edu;ACI68YPD8WD;Duis;dolor.;Kelley;Graham;06 21 13 88 24;0;1;2
posuere.cubilia@google.edu;TRQ17LIO1UY;augue;Suspendisse;Mcpherson;Walter;01 27 49 58 35;1;1;4
ante.iaculis@protonmail.net;WUN89VXD3BE;urna.;in,;Parker;Inga;09 78 34 28 93;0;1;3
ullamcorper.duis.cursus@yahoo.edu;EVR14ZPT5TW;a,;orci;Vance;September;03 83 26 90 04;1;0;3
enim.etiam@google.org;OUD82CDL8DS;gravida;urna,;Bean;Lawrence;04 88 73 54 70;1;1;3
fringilla.mi.lacinia@protonmail.com;CXG66GXK6OX;in,;mollis;Joyce;Imelda;07 62 42 25 63;1;1;2
turpis.nulla.aliquet@outlook.edu;CGT63ENB7XI;gravida;risus.;Bryant;Stuart;09 54 32 17 75;1;1;2
felis.ullamcorper@aol.edu;GCS11JSY6RR;morbi;ultricies;Dillard;Maxwell;05 75 17 51 88;1;1;3
lorem.sit@google.couk;SEV55AHK8CM;Aliquam;molestie;Estrada;Xanthus;07 89 25 72 04;1;1;3
nibh@yahoo.net;YVG19GGI0MP;massa.;ac;Hutchinson;Randall;02 46 39 38 86;0;0;3
et@protonmail.com;WAX72BWF2SH;mattis;vel;Cleveland;Samuel;01 54 34 28 73;0;0;3
in.lobortis@outlook.com;JDX85OVU1VT;a,;Nulla;Richards;Wyatt;03 95 38 74 15;0;1;1
id@icloud.couk;JFK10XMR8EF;ultricies;orci.;Cabrera;Nicholas;06 67 83 48 42;1;1;3
scelerisque.neque@icloud.edu;CIW60KDG2VO;Etiam;porttitor;Estes;Madeline;06 35 36 29 81;0;1;2
tempor@aol.couk;GBN15JKN6NJ;Nam;eros;Campbell;Jorden;01 66 56 83 13;0;0;4
enim.mauris@protonmail.org;SUP27VSK3KD;neque.;libero;Morse;Gabriel;07 37 98 75 86;0;1;3
mi.pede.nonummy@hotmail.net;SRJ87LXO8BV;neque;lorem;Torres;Thor;08 36 17 25 03;0;0;3
venenatis.a@protonmail.couk;NPE50LET4OD;id,;dis;Knight;Justine;05 82 78 36 28;0;1;1
et.magnis.dis@google.couk;WGO71FCU9TQ;massa;Praesent;Pierce;Sydnee;05 24 23 35 39;0;1;1
odio.sagittis@protonmail.ca;NVX67EHK4PJ;gravida.;eu,;Guthrie;Tallulah;03 73 48 60 72;1;1;2
amet@aol.com;HVK63DPV4RY;massa.;amet,;Bean;Richard;08 29 94 32 05;0;0;4
in@aol.edu;HKR19XSP2DS;Etiam;Nulla;Riley;Charde;02 43 24 64 47;0;0;3
varius.et.euismod@yahoo.net;JDS32ZEE6CS;scelerisque;Vivamus;Combs;Hadley;08 48 47 41 65;1;0;2
mauris@outlook.couk;YLC72PDH3BU;est;semper;Herrera;Shellie;06 75 68 69 10;1;1;3
cras.interdum@aol.org;UQJ78WTY4IZ;mi;sit;Hull;Jana;06 39 27 16 50;0;0;2
vel.est@icloud.edu;KKT01KFP6DF;aliquet;adipiscing,;Mayo;Demetria;05 21 14 17 63;0;1;2
metus.in.lorem@outlook.ca;FUZ36YKV6JX;molestie;lacinia;Roman;Cecilia;03 82 64 03 26;0;1;4
in.faucibus.orci@google.com;NIK97LDL6NZ;nec;Morbi;Dawson;Allistair;08 43 60 86 38;0;0;2
sed.sapien@icloud.com;KEG43KJV8QC;mauris;eleifend;Palmer;Jarrod;02 68 92 85 63;1;0;2
fringilla.est@hotmail.com;RMW34KSD7RO;Cras;mauris;Rodriguez;Shad;08 49 86 63 42;1;0;3
aliquam.fringilla@hotmail.edu;GXG76CGC3SX;tempus;scelerisque;Leblanc;Troy;05 14 12 40 55;0;0;4
mauris.suspendisse.aliquet@yahoo.couk;AVR49PVL8CT;quam;in;Mcfarland;Aphrodite;07 02 16 16 64;1;1;3
suspendisse@outlook.com;KMF48EJP8LM;cursus.;ullamcorper,;Cox;Sarah;01 53 88 64 48;0;0;3
non.nisi@yahoo.org;VYG75LRD3UJ;malesuada;pellentesque.;Paul;Barclay;02 00 22 10 71;1;1;2
mauris.suspendisse@outlook.net;XTN27JTE4EP;scelerisque;tortor,;Frye;Latifah;04 18 99 07 58;1;0;3
diam.dictum@outlook.couk;QSF52DJD1JT;Proin;ante.;Bolton;Ursa;08 43 44 56 43;0;1;4
auctor.vitae@hotmail.edu;BJR57UCU2LI;Integer;tincidunt;Cole;Shay;08 58 13 81 10;1;1;3
pellentesque.habitant@aol.net;JZX07KEN3WV;sollicitudin;ipsum;Key;August;08 69 57 17 27;0;0;4
risus@google.org;FKL72BJE3EV;nunc;sit;Gilbert;Catherine;04 17 02 35 53;0;0;1
quisque@google.org;XXB16ANF3AF;Vestibulum;non;Tanner;Jonah;02 28 39 54 18;0;1;3
non@hotmail.couk;NGJ79AOE7HC;Pellentesque;rhoncus.;Stokes;Damon;02 61 47 65 83;1;1;2
nisi.sem@icloud.org;DLN38LTY2PJ;vel,;risus;Mason;Calvin;05 51 59 60 78;0;0;2
interdum@icloud.org;VEB37BSN1JW;Proin;molestie;Rutledge;Mohammad;06 78 59 76 26;0;1;3
semper.tellus@google.ca;YER33EWH6CL;Sed;Phasellus;Osborn;Kiara;03 52 71 30 59;0;0;3
cras.vulputate@aol.org;UYZ33TPL5YF;aliquam;aliquam;Horne;Aretha;08 12 98 16 54;1;1;3
mi.felis@icloud.edu;CDZ61NBZ2DR;vitae,;blandit;Vargas;Lewis;01 22 95 35 65;1;1;3
sed.molestie@google.couk;HCO58MSM6VJ;consectetuer;Fusce;Gardner;Pearl;06 75 19 45 60;0;0;3
ornare.placerat@hotmail.com;WDW97DYE6SI;dui.;nulla;Phillips;Sara;02 74 25 76 28;1;1;2
felis.orci.adipiscing@yahoo.couk;IYY46EOJ3EB;augue;Nullam;Herring;Caleb;03 38 13 37 78;1;0;2
nibh.lacinia@outlook.net;HJG21BQW8VL;mauris;mattis;Jacobs;Benedict;08 41 39 24 33;1;1;2
lacus.quisque.purus@google.couk;HGC09JEB1SM;diam;sapien;Randall;Noble;07 47 68 65 44;0;0;2
id.risus@google.ca;ISN05LQR2MN;a,;ultrices,;Underwood;Knox;07 70 48 28 31;1;1;3
